participant_id,data_file,TRIAL_INDEX,TRIAL_LABEL,TRIAL_START_TIME,CURRENT_FIX_DURATION,CURRENT_FIX_INDEX,CURRENT_FIX_START,CURRENT_FIX_END,CURRENT_FIX_X,CURRENT_FIX_Y,CURRENT_FIX_INTEREST_AREA_LABEL,CURRENT_FIX_INTEREST_AREA_ID,CURRENT_FIX_INTEREST_AREA_INDEX,CURRENT_FIX_INTEREST_AREA_DWELL_TIME,CURRENT_FIX_INTEREST_AREA_FIX_COUNT,TRIAL_FIXATION_TOTAL,sentence,voice_id,image_id,stim_id,image,stimulus_file,session_var,exp_id,language,audio,voice_type_category,aoi_type,trial_id,time_from_trial_start,time_window,trial_duration_x,sentence_clean,merge_key,total_trial_duration,trial_duration_y,n_saccades,mean_saccade_amplitude
edf07,fixation_reports_edf07_2025_04_11_17_21.xls,14,Trial: 14,2022816,344,4,2624,2966,987.1,-62.7,.,,,,,10,UNDEFINEDnull,UNDEFINEDnull,IMG_08,UNDEFINEDnull,exp_images/images/boy_broke_vase.jpg,UNDEFINEDnull,free_view,UNDEFINEDnull,UNDEFINEDnull,UNDEFINEDnull,Unknown,other,edf07_14,-2020192,early,5184,UNDEFINEDnull,edf07|14|UNDEFINEDnull,4195,4993,,
edf07,fixation_reports_edf07_2025_04_11_17_21.xls,14,Trial: 14,2022816,344,4,2624,2966,987.1,-62.7,.,,,,,10,UNDEFINEDnull,UNDEFINEDnull,IMG_08,UNDEFINEDnull,exp_images/images/boy_broke_vase.jpg,UNDEFINEDnull,free_view,UNDEFINEDnull,UNDEFINEDnull,UNDEFINEDnull,Unknown,other,edf07_14,-2020192,early,5184,UNDEFINEDnull,edf07|14|UNDEFINEDnull,4963,4993,,
edf07,fixation_reports_edf07_2025_04_11_17_21.xls,14,Trial: 14,2022816,94,5,3166,3258,707.7,-167.8,.,,,,,10,UNDEFINEDnull,UNDEFINEDnull,IMG_08,UNDEFINEDnull,exp_images/images/boy_broke_vase.jpg,UNDEFINEDnull,free_view,UNDEFINEDnull,UNDEFINEDnull,UNDEFINEDnull,Unknown,other,edf07_14,-2019650,early,5184,UNDEFINEDnull,edf07|14|UNDEFINEDnull,4195,4993,,
edf07,fixation_reports_edf07_2025_04_11_17_21.xls,14,Trial: 14,2022816,94,5,3166,3258,707.7,-167.8,.,,,,,10,UNDEFINEDnull,UNDEFINEDnull,IMG_08,UNDEFINEDnull,exp_images/images/boy_broke_vase.jpg,UNDEFINEDnull,free_view,UNDEFINEDnull,UNDEFINEDnull,UNDEFINEDnull,Unknown,other,edf07_14,-2019650,early,5184,UNDEFINEDnull,edf07|14|UNDEFINEDnull,4963,4993,,
edf07,fixation_reports_edf07_2025_04_11_17_21.xls,17,Trial: 17,2051758,1230,4,2138,3366,790.3,-5.6,.,,,,,9,UNDEFINEDnull,UNDEFINEDnull,IMG_04,UNDEFINEDnull,exp_images/images/man_cut_shrub.jpg,UNDEFINEDnull,free_view,UNDEFINEDnull,UNDEFINEDnull,UNDEFINEDnull,Unknown,other,edf07_17,-2049620,early,5045,UNDEFINEDnull,edf07|17|UNDEFINEDnull,4480,4992,,
edf07,fixation_reports_edf07_2025_04_11_17_21.xls,17,Trial: 17,2051758,1230,4,2138,3366,790.3,-5.6,.,,,,,9,UNDEFINEDnull,UNDEFINEDnull,IMG_04,UNDEFINEDnull,exp_images/images/man_cut_shrub.jpg,UNDEFINEDnull,free_view,UNDEFINEDnull,UNDEFINEDnull,UNDEFINEDnull,Unknown,other,edf07_17,-2049620,early,5045,UNDEFINEDnull,edf07|17|UNDEFINEDnull,4225,4993,,
edf07,fixation_reports_edf07_2025_04_11_17_21.xls,23,Trial: 23,2134898,144,4,8980,9122,1007.8,-8.1,.,,,,,5,exp_images/sentences/Lamp-passive.jpg,PWA,IMG_01,STIM_19,exp_images/images/girl_lighted_lamp.jpg,stimuli_list_subj_7_a.csv,experiment,IMG_01_P_PWA,PUNJABI,exp_images/audio\PUNJABI\p_lamp.wav,Passive,other,edf07_23,-2125918,early,5265,exp_images/sentences/Lamp-passive.jpg,edf07|23|exp_images/sentences/Lamp-passive.jpg,9269,5265,17.0,2.98
edf07,fixation_reports_edf07_2025_04_11_17_21.xls,24,Trial: 24,2149346,254,6,6538,6790,762.4,-118.6,.,,,,,13,exp_images/sentences/Washed-scooter-passive.jpg,PWA,IMG_14,STIM_32,exp_images/images/driver_wash_scooter.jpg,stimuli_list_subj_7_a.csv,experiment,IMG_14_P_PWA,PUNJABI,exp_images/audio\PUNJABI\p_scooter.wav,Passive,other,edf07_24,-2142808,early,5842,exp_images/sentences/Washed-scooter-passive.jpg,edf07|24|exp_images/sentences/Washed-scooter-passive.jpg,8602,5842,24.0,2.874166666666667
edf07,fixation_reports_edf07_2025_04_11_17_21.xls,24,Trial: 24,2149346,366,10,8382,8746,917.7,-18.0,.,,,,,13,exp_images/sentences/Washed-scooter-passive.jpg,PWA,IMG_14,STIM_32,exp_images/images/driver_wash_scooter.jpg,stimuli_list_subj_7_a.csv,experiment,IMG_14_P_PWA,PUNJABI,exp_images/audio\PUNJABI\p_scooter.wav,Passive,other,edf07_24,-2140964,early,5842,exp_images/sentences/Washed-scooter-passive.jpg,edf07|24|exp_images/sentences/Washed-scooter-passive.jpg,8602,5842,24.0,2.874166666666667
edf07,fixation_reports_edf07_2025_04_11_17_21.xls,24,Trial: 24,2149346,650,11,8768,9416,987.6,-44.6,.,,,,,13,exp_images/sentences/Washed-scooter-passive.jpg,PWA,IMG_14,STIM_32,exp_images/images/driver_wash_scooter.jpg,stimuli_list_subj_7_a.csv,experiment,IMG_14_P_PWA,PUNJABI,exp_images/audio\PUNJABI\p_scooter.wav,Passive,other,edf07_24,-2140578,early,5842,exp_images/sentences/Washed-scooter-passive.jpg,edf07|24|exp_images/sentences/Washed-scooter-passive.jpg,8602,5842,24.0,2.874166666666667
edf07,fixation_reports_edf07_2025_04_11_17_21.xls,25,Trial: 25,2163468,83,4,10478,10561,888.6,-91.0,.,,,,,4,exp_images/sentences/Pushed-box-woa.jpg,PNA,IMG_05,STIM_41,exp_images/images/man_pushed_box.jpg,stimuli_list_subj_7_a.csv,experiment,IMG_05_P_PNA,PUNJABI,exp_images/audio\PUNJABI\p_woa_box.wav,Passive,other,edf07_25,-2152990,early,5574,exp_images/sentences/Pushed-box-woa.jpg,edf07|25|exp_images/sentences/Pushed-box-woa.jpg,9241,5574,10.0,4.287999999999999
edf07,fixation_reports_edf07_2025_04_11_17_21.xls,26,Trial: 26,2177886,416,10,9900,10314,560.0,-124.7,.,,,,,13,exp_images/sentences/Sapling-woa.jpg,PNA,IMG_03,STIM_39,exp_images/images/girl_plant_tree.jpg,stimuli_list_subj_7_a.csv,experiment,IMG_03_P_PNA,PUNJABI,exp_images/audio\PUNJABI\p_woa_sapling.wav,Passive,other,edf07_26,-2167986,early,5069,exp_images/sentences/Sapling-woa.jpg,edf07|26|exp_images/sentences/Sapling-woa.jpg,8309,5069,17.0,3.815882352941177
edf07,fixation_reports_edf07_2025_04_11_17_21.xls,26,Trial: 26,2177886,41,13,11024,11065,311.8,-514.7,.,,,,,13,exp_images/sentences/Sapling-woa.jpg,PNA,IMG_03,STIM_39,exp_images/images/girl_plant_tree.jpg,stimuli_list_subj_7_a.csv,experiment,IMG_03_P_PNA,PUNJABI,exp_images/audio\PUNJABI\p_woa_sapling.wav,Passive,other,edf07_26,-2166862,early,5069,exp_images/sentences/Sapling-woa.jpg,edf07|26|exp_images/sentences/Sapling-woa.jpg,8309,5069,17.0,3.815882352941177
edf07,fixation_reports_edf07_2025_04_11_17_21.xls,29,Trial: 29,2221282,36,3,7070,7104,503.0,-1023.7,.,,,,,10,exp_images/sentences/active_child_frisbee.jpg,ACT,IMG_12,STIM_66,exp_images/images/child_throw_frisbee.jpg,stimuli_list_subj_7_a.csv,experiment,IMG_12_E_ACT,ENGLISH,exp_images/audio\ENGLISH\frisbee.wav,Active,other,edf07_29,-2214212,early,5356,exp_images/sentences/active_child_frisbee.jpg,edf07|29|exp_images/sentences/active_child_frisbee.jpg,7607,5356,31.0,4.705161290322581
edf07,fixation_reports_edf07_2025_04_11_17_21.xls,29,Trial: 29,2221282,162,7,8404,8564,944.5,-39.9,.,,,,,10,exp_images/sentences/active_child_frisbee.jpg,ACT,IMG_12,STIM_66,exp_images/images/child_throw_frisbee.jpg,stimuli_list_subj_7_a.csv,experiment,IMG_12_E_ACT,ENGLISH,exp_images/audio\ENGLISH\frisbee.wav,Active,other,edf07_29,-2212878,early,5356,exp_images/sentences/active_child_frisbee.jpg,edf07|29|exp_images/sentences/active_child_frisbee.jpg,7607,5356,31.0,4.705161290322581
edf07,fixation_reports_edf07_2025_04_11_17_21.xls,29,Trial: 29,2221282,448,8,8584,9030,980.5,-56.7,.,,,,,10,exp_images/sentences/active_child_frisbee.jpg,ACT,IMG_12,STIM_66,exp_images/images/child_throw_frisbee.jpg,stimuli_list_subj_7_a.csv,experiment,IMG_12_E_ACT,ENGLISH,exp_images/audio\ENGLISH\frisbee.wav,Active,other,edf07_29,-2212698,early,5356,exp_images/sentences/active_child_frisbee.jpg,edf07|29|exp_images/sentences/active_child_frisbee.jpg,7607,5356,31.0,4.705161290322581
edf13,fixation_reports_edf13_2025_04_16_18_35.xls,23,Trial: 23,9609271,144,10,8386,8528,-1406.8,238.5,.,,,,,16,exp_images/sentences/Washed-scooter-passive.jpg,PWA,IMG_14,STIM_32,exp_images/images/driver_wash_scooter.jpg,stimuli_list_subj_1_b.csv,experiment,IMG_14_P_PWA,PUNJABI,exp_images/audio\PUNJABI\p_scooter.wav,Passive,other,edf13_23,-9600885,early,4992,exp_images/sentences/Washed-scooter-passive.jpg,edf13|23|exp_images/sentences/Washed-scooter-passive.jpg,4042,4992,15.0,7.862
edf22,fixation_reports_edf22_2025_05_08_11_37.xls,18,Trial: 18,2562308,40,17,4160,4198,-33.8,894.7,.,,,,,21,UNDEFINEDnull,UNDEFINEDnull,IMG_11,UNDEFINEDnull,exp_images/images/child_play_tabla.jpg,UNDEFINEDnull,free_view,UNDEFINEDnull,UNDEFINEDnull,UNDEFINEDnull,Unknown,other,edf22_18,-2558148,early,5278,UNDEFINEDnull,edf22|18|UNDEFINEDnull,2884,4928,,
edf22,fixation_reports_edf22_2025_05_08_11_37.xls,18,Trial: 18,2562308,40,17,4160,4198,-33.8,894.7,.,,,,,21,UNDEFINEDnull,UNDEFINEDnull,IMG_11,UNDEFINEDnull,exp_images/images/child_play_tabla.jpg,UNDEFINEDnull,free_view,UNDEFINEDnull,UNDEFINEDnull,UNDEFINEDnull,Unknown,other,edf22_18,-2558148,early,5278,UNDEFINEDnull,edf22|18|UNDEFINEDnull,4718,4980,,
edf22,fixation_reports_edf22_2025_05_08_11_37.xls,18,Trial: 18,2562308,1118,18,4358,5474,-96.4,924.0,.,,,,,21,UNDEFINEDnull,UNDEFINEDnull,IMG_11,UNDEFINEDnull,exp_images/images/child_play_tabla.jpg,UNDEFINEDnull,free_view,UNDEFINEDnull,UNDEFINEDnull,UNDEFINEDnull,Unknown,other,edf22_18,-2557950,early,5278,UNDEFINEDnull,edf22|18|UNDEFINEDnull,2884,4928,,
edf22,fixation_reports_edf22_2025_05_08_11_37.xls,18,Trial: 18,2562308,1118,18,4358,5474,-96.4,924.0,.,,,,,21,UNDEFINEDnull,UNDEFINEDnull,IMG_11,UNDEFINEDnull,exp_images/images/child_play_tabla.jpg,UNDEFINEDnull,free_view,UNDEFINEDnull,UNDEFINEDnull,UNDEFINEDnull,Unknown,other,edf22_18,-2557950,early,5278,UNDEFINEDnull,edf22|18|UNDEFINEDnull,4718,4980,,
edf22,fixation_reports_edf22_2025_05_08_11_37.xls,18,Trial: 18,2562308,40,20,5738,5776,-49.9,1024.4,.,,,,,21,UNDEFINEDnull,UNDEFINEDnull,IMG_11,UNDEFINEDnull,exp_images/images/child_play_tabla.jpg,UNDEFINEDnull,free_view,UNDEFINEDnull,UNDEFINEDnull,UNDEFINEDnull,Unknown,other,edf22_18,-2556570,early,5278,UNDEFINEDnull,edf22|18|UNDEFINEDnull,2884,4928,,
edf22,fixation_reports_edf22_2025_05_08_11_37.xls,18,Trial: 18,2562308,40,20,5738,5776,-49.9,1024.4,.,,,,,21,UNDEFINEDnull,UNDEFINEDnull,IMG_11,UNDEFINEDnull,exp_images/images/child_play_tabla.jpg,UNDEFINEDnull,free_view,UNDEFINEDnull,UNDEFINEDnull,UNDEFINEDnull,Unknown,other,edf22_18,-2556570,early,5278,UNDEFINEDnull,edf22|18|UNDEFINEDnull,4718,4980,,
edf22,fixation_reports_edf22_2025_05_08_11_37.xls,18,Trial: 18,2562308,204,21,5930,6134,-332.7,1092.4,.,,,,,21,UNDEFINEDnull,UNDEFINEDnull,IMG_11,UNDEFINEDnull,exp_images/images/child_play_tabla.jpg,UNDEFINEDnull,free_view,UNDEFINEDnull,UNDEFINEDnull,UNDEFINEDnull,Unknown,other,edf22_18,-2556378,early,5278,UNDEFINEDnull,edf22|18|UNDEFINEDnull,2884,4928,,
edf22,fixation_reports_edf22_2025_05_08_11_37.xls,18,Trial: 18,2562308,204,21,5930,6134,-332.7,1092.4,.,,,,,21,UNDEFINEDnull,UNDEFINEDnull,IMG_11,UNDEFINEDnull,exp_images/images/child_play_tabla.jpg,UNDEFINEDnull,free_view,UNDEFINEDnull,UNDEFINEDnull,UNDEFINEDnull,Unknown,other,edf22_18,-2556378,early,5278,UNDEFINEDnull,edf22|18|UNDEFINEDnull,4718,4980,,
edf22,fixation_reports_edf22_2025_05_08_11_37.xls,31,Trial: 31,2751546,50,7,8964,9012,-293.9,850.8,.,,,,,7,exp_images/sentences/Dog-dug-passive.jpg,PWA,IMG_13,STIM_31,exp_images/images/dog_dug_hole.jpg,stimuli_list_subj_10_b.csv,experiment,IMG_13_P_PWA,PUNJABI,exp_images/audio\PUNJABI\p_dug.wav,Passive,other,edf22_31,-2742582,early,5343,exp_images/sentences/Dog-dug-passive.jpg,edf22|31|exp_images/sentences/Dog-dug-passive.jpg,5979,5343,21.0,5.299047619047619
edf50,fixation_reports_edf50_2025_11_08_14_00.xls,19,Trial: 19,8595917,26,11,9026,9050,-373.3,1699.8,.,,,,,15,exp_images/sentences/Letter-passive.jpg,PWA,IMG_17,STIM_35,exp_images/images/women_read_letter.jpg,stimuli_list_subj_2_a.csv,experiment,IMG_17_P_PWA,PUNJABI,exp_images/audio\PUNJABI\p_letter.wav,Passive,other,edf50_19,-8586891,early,4992,exp_images/sentences/Letter-passive.jpg,edf50|19|exp_images/sentences/Letter-passive.jpg,2932,4992,14.0,5.707142857142856
edf50,fixation_reports_edf50_2025_11_08_14_00.xls,19,Trial: 19,8595917,44,12,9088,9130,-370.8,1720.5,.,,,,,15,exp_images/sentences/Letter-passive.jpg,PWA,IMG_17,STIM_35,exp_images/images/women_read_letter.jpg,stimuli_list_subj_2_a.csv,experiment,IMG_17_P_PWA,PUNJABI,exp_images/audio\PUNJABI\p_letter.wav,Passive,other,edf50_19,-8586829,early,4992,exp_images/sentences/Letter-passive.jpg,edf50|19|exp_images/sentences/Letter-passive.jpg,2932,4992,14.0,5.707142857142856
edf50,fixation_reports_edf50_2025_11_08_14_00.xls,21,Trial: 21,8625239,54,12,10476,10528,-511.4,1567.0,.,,,,,13,exp_images/sentences/Folded-clothes-passive.jpg,PWA,IMG_06,STIM_24,exp_images/images/women_fold_clothes.jpg,stimuli_list_subj_2_a.csv,experiment,IMG_06_P_PWA,PUNJABI,exp_images/audio\PUNJABI\p_clothes.wav,Passive,other,edf50_21,-8614763,early,4993,exp_images/sentences/Folded-clothes-passive.jpg,edf50|21|exp_images/sentences/Folded-clothes-passive.jpg,3513,4993,12.0,8.3325
edf50,fixation_reports_edf50_2025_11_08_14_00.xls,23,Trial: 23,8655133,26,1,5870,5894,-554.0,1754.5,.,,,,,20,exp_images/sentences/Lamp-woa.jpg,PNA,IMG_01,STIM_37,exp_images/images/girl_lighted_lamp.jpg,stimuli_list_subj_2_a.csv,experiment,IMG_01_P_PNA,PUNJABI,exp_images/audio\PUNJABI\p_woa_lamp.wav,Passive,other,edf50_23,-8649263,early,4946,exp_images/sentences/Lamp-woa.jpg,edf50|23|exp_images/sentences/Lamp-woa.jpg,3308,4946,20.0,6.24
edf50,fixation_reports_edf50_2025_11_08_14_00.xls,25,Trial: 25,8684795,32,7,7624,7654,-565.2,1731.7,.,,,,,18,exp_images/sentences/active_man_box.jpg,ACT,IMG_05,STIM_59,exp_images/images/man_pushed_box.jpg,stimuli_list_subj_2_a.csv,experiment,IMG_05_E_ACT,ENGLISH,exp_images/audio\ENGLISH\box.wav,Active,other,edf50_25,-8677171,early,4993,exp_images/sentences/active_man_box.jpg,edf50|25|exp_images/sentences/active_man_box.jpg,3257,4993,17.0,5.15764705882353
edf27,fixation_reports_edf27_2025_05_16_14_46.xls,27,Trial: 27,2728506,86,6,9456,9540,2052.4,-61.3,.,,,,,8,exp_images/sentences/passive_man_shrub.jpg,PWA,IMG_04,STIM_76,exp_images/images/man_cut_shrub.jpg,stimuli_list_subj_3_a.csv,experiment,IMG_04_E_PWA,ENGLISH,exp_images/audio\ENGLISH\p_shrub.wav,Passive,other,edf27_27,-2719050,early,4991,exp_images/sentences/passive_man_shrub.jpg,edf27|27|exp_images/sentences/passive_man_shrub.jpg,4279,4991,7.0,8.654285714285715
edf19,fixation_reports_edf19_2025_04_28_13_28.xls,18,Trial: 19,1600659,42,6,5856,5896,-63.6,57.2,.,,,,,6,UNDEFINEDnull,UNDEFINEDnull,IMG_04,UNDEFINEDnull,exp_images/images/man_cut_shrub.jpg,UNDEFINEDnull,free_view,UNDEFINEDnull,UNDEFINEDnull,UNDEFINEDnull,Unknown,other,edf19_18,-1594803,early,4964,UNDEFINEDnull,edf19|18|UNDEFINEDnull,4516,4964,,
edf19,fixation_reports_edf19_2025_04_28_13_28.xls,25,Trial: 26,1729133,92,9,10200,10290,-261.5,-531.5,.,,,,,9,exp_images/sentences/Sapling-woa.jpg,PNA,IMG_03,STIM_39,exp_images/images/girl_plant_tree.jpg,stimuli_list_subj_7_b.csv,experiment,IMG_03_P_PNA,PUNJABI,exp_images/audio\PUNJABI\p_woa_sapling.wav,Passive,other,edf19_25,-1718933,early,4632,exp_images/sentences/Sapling-woa.jpg,edf19|25|exp_images/sentences/Sapling-woa.jpg,2010,4632,10.0,8.32
edf19,fixation_reports_edf19_2025_04_28_13_28.xls,34,Trial: 35,1860163,56,4,7150,7204,-130.9,241.7,.,,,,,11,exp_images/sentences/noagent_woman_clothes.jpg,PNA,IMG_06,STIM_96,exp_images/images/women_fold_clothes.jpg,stimuli_list_subj_7_b.csv,experiment,IMG_06_E_PNA,ENGLISH,exp_images/audio\ENGLISH\p_woa_clothes.wav,Passive,other,edf19_34,-1853013,early,4525,exp_images/sentences/noagent_woman_clothes.jpg,edf19|34|exp_images/sentences/noagent_woman_clothes.jpg,3895,4525,11.0,4.842727272727273
edf07,fixation_reports_edf07_2025_04_11_17_09.xls,28,Trial: 28,1402280,252,8,8220,8470,535.2,-209.5,.,,,,,22,exp_images/sentences/active_dog_hole.jpg,ACT,IMG_13,STIM_67,exp_images/images/dog_dug_hole.jpg,stimuli_list_subj_7_a.csv,experiment,IMG_13_E_ACT,ENGLISH,exp_images/audio\ENGLISH\dug.wav,Active,other,edf07_28,-1394060,early,5799,exp_images/sentences/active_dog_hole.jpg,edf07|28|exp_images/sentences/active_dog_hole.jpg,7592,5799,32.0,3.8025
edf07,fixation_reports_edf07_2025_04_11_17_09.xls,28,Trial: 28,1402280,268,13,9218,9484,715.2,-6.1,.,,,,,22,exp_images/sentences/active_dog_hole.jpg,ACT,IMG_13,STIM_67,exp_images/images/dog_dug_hole.jpg,stimuli_list_subj_7_a.csv,experiment,IMG_13_E_ACT,ENGLISH,exp_images/audio\ENGLISH\dug.wav,Active,other,edf07_28,-1393062,early,5799,exp_images/sentences/active_dog_hole.jpg,edf07|28|exp_images/sentences/active_dog_hole.jpg,7592,5799,32.0,3.8025
edf07,fixation_reports_edf07_2025_04_11_17_09.xls,28,Trial: 28,1402280,86,15,9890,9974,771.4,-83.4,.,,,,,22,exp_images/sentences/active_dog_hole.jpg,ACT,IMG_13,STIM_67,exp_images/images/dog_dug_hole.jpg,stimuli_list_subj_7_a.csv,experiment,IMG_13_E_ACT,ENGLISH,exp_images/audio\ENGLISH\dug.wav,Active,other,edf07_28,-1392390,early,5799,exp_images/sentences/active_dog_hole.jpg,edf07|28|exp_images/sentences/active_dog_hole.jpg,7592,5799,32.0,3.8025
edf07,fixation_reports_edf07_2025_04_11_17_09.xls,28,Trial: 28,1402280,94,19,10370,10462,820.1,-94.9,.,,,,,22,exp_images/sentences/active_dog_hole.jpg,ACT,IMG_13,STIM_67,exp_images/images/dog_dug_hole.jpg,stimuli_list_subj_7_a.csv,experiment,IMG_13_E_ACT,ENGLISH,exp_images/audio\ENGLISH\dug.wav,Active,other,edf07_28,-1391910,early,5799,exp_images/sentences/active_dog_hole.jpg,edf07|28|exp_images/sentences/active_dog_hole.jpg,7592,5799,32.0,3.8025
edf07,fixation_reports_edf07_2025_04_11_17_09.xls,28,Trial: 28,1402280,95,22,10912,11007,868.7,-65.7,.,,,,,22,exp_images/sentences/active_dog_hole.jpg,ACT,IMG_13,STIM_67,exp_images/images/dog_dug_hole.jpg,stimuli_list_subj_7_a.csv,experiment,IMG_13_E_ACT,ENGLISH,exp_images/audio\ENGLISH\dug.wav,Active,other,edf07_28,-1391368,early,5799,exp_images/sentences/active_dog_hole.jpg,edf07|28|exp_images/sentences/active_dog_hole.jpg,7592,5799,32.0,3.8025
edf07,fixation_reports_edf07_2025_04_11_17_09.xls,29,Trial: 29,1417262,192,22,10324,10516,872.9,-73.4,.,,,,,22,exp_images/sentences/active_child_frisbee.jpg,ACT,IMG_12,STIM_66,exp_images/images/child_throw_frisbee.jpg,stimuli_list_subj_7_a.csv,experiment,IMG_12_E_ACT,ENGLISH,exp_images/audio\ENGLISH\frisbee.wav,Active,other,edf07_29,-1406938,early,5356,exp_images/sentences/active_child_frisbee.jpg,edf07|29|exp_images/sentences/active_child_frisbee.jpg,7607,5356,31.0,4.705161290322581
edf07,fixation_reports_edf07_2025_04_11_17_09.xls,32,Trial: 32,1461006,82,1,7232,7312,-429.7,-390.8,.,,,,,10,exp_images/sentences/passive_girl_cake.jpg,PWA,IMG_15,STIM_87,exp_images/images/girl_baked_cake.jpg,stimuli_list_subj_7_a.csv,experiment,IMG_15_E_PWA,ENGLISH,exp_images/audio\ENGLISH\p_cake.wav,Passive,other,edf07_32,-1453774,early,5542,exp_images/sentences/passive_girl_cake.jpg,edf07|32|exp_images/sentences/passive_girl_cake.jpg,8103,5542,13.0,5.432307692307693
edf07,fixation_reports_edf07_2025_04_11_17_09.xls,34,Trial: 34,1491044,130,1,6502,6630,506.3,-60.2,.,,,,,10,exp_images/sentences/noagent_girl_dog.jpg,PNA,IMG_16,STIM_106,exp_images/images/girl_fed_dog.jpg,stimuli_list_subj_7_a.csv,experiment,IMG_16_E_PNA,ENGLISH,exp_images/audio\ENGLISH\p_woa_fed.wav,Passive,other,edf07_34,-1484542,early,5224,exp_images/sentences/noagent_girl_dog.jpg,edf07|34|exp_images/sentences/noagent_girl_dog.jpg,8144,5224,16.0,6.007333333333333
edf10,fixation_reports_edf10_2025_04_16_12_21.xls,1,Trial: 1,2154940,150,2,1090,1238,-809.6,1270.5,.,,,,,19,UNDEFINEDnull,UNDEFINEDnull,IMG_03,UNDEFINEDnull,exp_images/images/girl_plant_tree.jpg,UNDEFINEDnull,free_view,UNDEFINEDnull,UNDEFINEDnull,UNDEFINEDnull,Unknown,other,edf10_1,-2153850,early,5338,UNDEFINEDnull,edf10|1|UNDEFINEDnull,3308,4988,,
edf10,fixation_reports_edf10_2025_04_16_12_21.xls,1,Trial: 1,2154940,150,2,1090,1238,-809.6,1270.5,.,,,,,19,UNDEFINEDnull,UNDEFINEDnull,IMG_03,UNDEFINEDnull,exp_images/images/girl_plant_tree.jpg,UNDEFINEDnull,free_view,UNDEFINEDnull,UNDEFINEDnull,UNDEFINEDnull,Unknown,other,edf10_1,-2153850,early,5338,UNDEFINEDnull,edf10|1|UNDEFINEDnull,4451,4971,,
edf10,fixation_reports_edf10_2025_04_16_12_21.xls,1,Trial: 1,2154940,62,6,2194,2254,-1273.7,1464.0,.,,,,,19,UNDEFINEDnull,UNDEFINEDnull,IMG_03,UNDEFINEDnull,exp_images/images/girl_plant_tree.jpg,UNDEFINEDnull,free_view,UNDEFINEDnull,UNDEFINEDnull,UNDEFINEDnull,Unknown,other,edf10_1,-2152746,early,5338,UNDEFINEDnull,edf10|1|UNDEFINEDnull,3308,4988,,
edf10,fixation_reports_edf10_2025_04_16_12_21.xls,1,Trial: 1,2154940,62,6,2194,2254,-1273.7,1464.0,.,,,,,19,UNDEFINEDnull,UNDEFINEDnull,IMG_03,UNDEFINEDnull,exp_images/images/girl_plant_tree.jpg,UNDEFINEDnull,free_view,UNDEFINEDnull,UNDEFINEDnull,UNDEFINEDnull,Unknown,other,edf10_1,-2152746,early,5338,UNDEFINEDnull,edf10|1|UNDEFINEDnull,4451,4971,,
edf10,fixation_reports_edf10_2025_04_16_12_21.xls,1,Trial: 1,2154940,22,7,2390,2410,-1330.5,1487.4,.,,,,,19,UNDEFINEDnull,UNDEFINEDnull,IMG_03,UNDEFINEDnull,exp_images/images/girl_plant_tree.jpg,UNDEFINEDnull,free_view,UNDEFINEDnull,UNDEFINEDnull,UNDEFINEDnull,Unknown,other,edf10_1,-2152550,early,5338,UNDEFINEDnull,edf10|1|UNDEFINEDnull,3308,4988,,
edf10,fixation_reports_edf10_2025_04_16_12_21.xls,1,Trial: 1,2154940,22,7,2390,2410,-1330.5,1487.4,.,,,,,19,UNDEFINEDnull,UNDEFINEDnull,IMG_03,UNDEFINEDnull,exp_images/images/girl_plant_tree.jpg,UNDEFINEDnull,free_view,UNDEFINEDnull,UNDEFINEDnull,UNDEFINEDnull,Unknown,other,edf10_1,-2152550,early,5338,UNDEFINEDnull,edf10|1|UNDEFINEDnull,4451,4971,,
edf10,fixation_reports_edf10_2025_04_16_12_21.xls,1,Trial: 1,2154940,44,12,3516,3558,-865.4,1431.1,.,,,,,19,UNDEFINEDnull,UNDEFINEDnull,IMG_03,UNDEFINEDnull,exp_images/images/girl_plant_tree.jpg,UNDEFINEDnull,free_view,UNDEFINEDnull,UNDEFINEDnull,UNDEFINEDnull,Unknown,other,edf10_1,-2151424,early,5338,UNDEFINEDnull,edf10|1|UNDEFINEDnull,3308,4988,,
edf10,fixation_reports_edf10_2025_04_16_12_21.xls,1,Trial: 1,2154940,44,12,3516,3558,-865.4,1431.1,.,,,,,19,UNDEFINEDnull,UNDEFINEDnull,IMG_03,UNDEFINEDnull,exp_images/images/girl_plant_tree.jpg,UNDEFINEDnull,free_view,UNDEFINEDnull,UNDEFINEDnull,UNDEFINEDnull,Unknown,other,edf10_1,-2151424,early,5338,UNDEFINEDnull,edf10|1|UNDEFINEDnull,4451,4971,,
edf10,fixation_reports_edf10_2025_04_16_12_21.xls,3,Trial: 3,2173864,118,7,2236,2352,-110.8,1210.2,.,,,,,22,UNDEFINEDnull,UNDEFINEDnull,IMG_16,UNDEFINEDnull,exp_images/images/girl_fed_dog.jpg,UNDEFINEDnull,free_view,UNDEFINEDnull,UNDEFINEDnull,UNDEFINEDnull,Unknown,other,edf10_3,-2171628,early,5089,UNDEFINEDnull,edf10|3|UNDEFINEDnull,4165,4993,,
edf10,fixation_reports_edf10_2025_04_16_12_21.xls,3,Trial: 3,2173864,118,7,2236,2352,-110.8,1210.2,.,,,,,22,UNDEFINEDnull,UNDEFINEDnull,IMG_16,UNDEFINEDnull,exp_images/images/girl_fed_dog.jpg,UNDEFINEDnull,free_view,UNDEFINEDnull,UNDEFINEDnull,UNDEFINEDnull,Unknown,other,edf10_3,-2171628,early,5089,UNDEFINEDnull,edf10|3|UNDEFINEDnull,3992,4966,,
edf10,fixation_reports_edf10_2025_04_16_12_21.xls,3,Trial: 3,2173864,26,8,2416,2440,-262.5,1340.0,.,,,,,22,UNDEFINEDnull,UNDEFINEDnull,IMG_16,UNDEFINEDnull,exp_images/images/girl_fed_dog.jpg,UNDEFINEDnull,free_view,UNDEFINEDnull,UNDEFINEDnull,UNDEFINEDnull,Unknown,other,edf10_3,-2171448,early,5089,UNDEFINEDnull,edf10|3|UNDEFINEDnull,4165,4993,,
edf10,fixation_reports_edf10_2025_04_16_12_21.xls,3,Trial: 3,2173864,26,8,2416,2440,-262.5,1340.0,.,,,,,22,UNDEFINEDnull,UNDEFINEDnull,IMG_16,UNDEFINEDnull,exp_images/images/girl_fed_dog.jpg,UNDEFINEDnull,free_view,UNDEFINEDnull,UNDEFINEDnull,UNDEFINEDnull,Unknown,other,edf10_3,-2171448,early,5089,UNDEFINEDnull,edf10|3|UNDEFINEDnull,3992,4966,,
edf10,fixation_reports_edf10_2025_04_16_12_21.xls,3,Trial: 3,2173864,74,9,2478,2550,-303.5,1367.1,.,,,,,22,UNDEFINEDnull,UNDEFINEDnull,IMG_16,UNDEFINEDnull,exp_images/images/girl_fed_dog.jpg,UNDEFINEDnull,free_view,UNDEFINEDnull,UNDEFINEDnull,UNDEFINEDnull,Unknown,other,edf10_3,-2171386,early,5089,UNDEFINEDnull,edf10|3|UNDEFINEDnull,4165,4993,,
edf10,fixation_reports_edf10_2025_04_16_12_21.xls,3,Trial: 3,2173864,74,9,2478,2550,-303.5,1367.1,.,,,,,22,UNDEFINEDnull,UNDEFINEDnull,IMG_16,UNDEFINEDnull,exp_images/images/girl_fed_dog.jpg,UNDEFINEDnull,free_view,UNDEFINEDnull,UNDEFINEDnull,UNDEFINEDnull,Unknown,other,edf10_3,-2171386,early,5089,UNDEFINEDnull,edf10|3|UNDEFINEDnull,3992,4966,,
edf10,fixation_reports_edf10_2025_04_16_12_21.xls,3,Trial: 3,2173864,152,11,2792,2942,-684.6,1524.5,.,,,,,22,UNDEFINEDnull,UNDEFINEDnull,IMG_16,UNDEFINEDnull,exp_images/images/girl_fed_dog.jpg,UNDEFINEDnull,free_view,UNDEFINEDnull,UNDEFINEDnull,UNDEFINEDnull,Unknown,other,edf10_3,-2171072,early,5089,UNDEFINEDnull,edf10|3|UNDEFINEDnull,4165,4993,,
edf10,fixation_reports_edf10_2025_04_16_12_21.xls,3,Trial: 3,2173864,152,11,2792,2942,-684.6,1524.5,.,,,,,22,UNDEFINEDnull,UNDEFINEDnull,IMG_16,UNDEFINEDnull,exp_images/images/girl_fed_dog.jpg,UNDEFINEDnull,free_view,UNDEFINEDnull,UNDEFINEDnull,UNDEFINEDnull,Unknown,other,edf10_3,-2171072,early,5089,UNDEFINEDnull,edf10|3|UNDEFINEDnull,3992,4966,,
edf10,fixation_reports_edf10_2025_04_16_12_21.xls,3,Trial: 3,2173864,120,18,4826,4944,-684.9,1564.9,.,,,,,22,UNDEFINEDnull,UNDEFINEDnull,IMG_16,UNDEFINEDnull,exp_images/images/girl_fed_dog.jpg,UNDEFINEDnull,free_view,UNDEFINEDnull,UNDEFINEDnull,UNDEFINEDnull,Unknown,other,edf10_3,-2169038,early,5089,UNDEFINEDnull,edf10|3|UNDEFINEDnull,4165,4993,,
edf10,fixation_reports_edf10_2025_04_16_12_21.xls,3,Trial: 3,2173864,120,18,4826,4944,-684.9,1564.9,.,,,,,22,UNDEFINEDnull,UNDEFINEDnull,IMG_16,UNDEFINEDnull,exp_images/images/girl_fed_dog.jpg,UNDEFINEDnull,free_view,UNDEFINEDnull,UNDEFINEDnull,UNDEFINEDnull,Unknown,other,edf10_3,-2169038,early,5089,UNDEFINEDnull,edf10|3|UNDEFINEDnull,3992,4966,,
edf10,fixation_reports_edf10_2025_04_16_12_21.xls,3,Trial: 3,2173864,142,19,4970,5110,-681.0,1532.9,.,,,,,22,UNDEFINEDnull,UNDEFINEDnull,IMG_16,UNDEFINEDnull,exp_images/images/girl_fed_dog.jpg,UNDEFINEDnull,free_view,UNDEFINEDnull,UNDEFINEDnull,UNDEFINEDnull,Unknown,other,edf10_3,-2168894,early,5089,UNDEFINEDnull,edf10|3|UNDEFINEDnull,4165,4993,,
edf10,fixation_reports_edf10_2025_04_16_12_21.xls,3,Trial: 3,2173864,142,19,4970,5110,-681.0,1532.9,.,,,,,22,UNDEFINEDnull,UNDEFINEDnull,IMG_16,UNDEFINEDnull,exp_images/images/girl_fed_dog.jpg,UNDEFINEDnull,free_view,UNDEFINEDnull,UNDEFINEDnull,UNDEFINEDnull,Unknown,other,edf10_3,-2168894,early,5089,UNDEFINEDnull,edf10|3|UNDEFINEDnull,3992,4966,,
edf10,fixation_reports_edf10_2025_04_16_12_21.xls,5,Trial: 5,2193542,194,15,4296,4488,-340.6,1207.0,.,,,,,19,UNDEFINEDnull,UNDEFINEDnull,IMG_06,UNDEFINEDnull,exp_images/images/women_fold_clothes.jpg,UNDEFINEDnull,free_view,UNDEFINEDnull,UNDEFINEDnull,UNDEFINEDnull,Unknown,other,edf10_5,-2189246,early,5051,UNDEFINEDnull,edf10|5|UNDEFINEDnull,3857,4993,,
edf10,fixation_reports_edf10_2025_04_16_12_21.xls,5,Trial: 5,2193542,194,15,4296,4488,-340.6,1207.0,.,,,,,19,UNDEFINEDnull,UNDEFINEDnull,IMG_06,UNDEFINEDnull,exp_images/images/women_fold_clothes.jpg,UNDEFINEDnull,free_view,UNDEFINEDnull,UNDEFINEDnull,UNDEFINEDnull,Unknown,other,edf10_5,-2189246,early,5051,UNDEFINEDnull,edf10|5|UNDEFINEDnull,4416,4992,,
edf10,fixation_reports_edf10_2025_04_16_12_21.xls,5,Trial: 5,2193542,256,16,4522,4776,-623.6,1308.0,.,,,,,19,UNDEFINEDnull,UNDEFINEDnull,IMG_06,UNDEFINEDnull,exp_images/images/women_fold_clothes.jpg,UNDEFINEDnull,free_view,UNDEFINEDnull,UNDEFINEDnull,UNDEFINEDnull,Unknown,other,edf10_5,-2189020,early,5051,UNDEFINEDnull,edf10|5|UNDEFINEDnull,3857,4993,,
edf10,fixation_reports_edf10_2025_04_16_12_21.xls,5,Trial: 5,2193542,256,16,4522,4776,-623.6,1308.0,.,,,,,19,UNDEFINEDnull,UNDEFINEDnull,IMG_06,UNDEFINEDnull,exp_images/images/women_fold_clothes.jpg,UNDEFINEDnull,free_view,UNDEFINEDnull,UNDEFINEDnull,UNDEFINEDnull,Unknown,other,edf10_5,-2189020,early,5051,UNDEFINEDnull,edf10|5|UNDEFINEDnull,4416,4992,,
edf10,fixation_reports_edf10_2025_04_16_12_21.xls,6,Trial: 6,2203162,80,14,4334,4412,-204.3,1038.0,.,,,,,19,UNDEFINEDnull,UNDEFINEDnull,IMG_02,UNDEFINEDnull,exp_images/images/girl_opened_window.jpg,UNDEFINEDnull,free_view,UNDEFINEDnull,UNDEFINEDnull,UNDEFINEDnull,Unknown,other,edf10_6,-2198828,early,5170,UNDEFINEDnull,edf10|6|UNDEFINEDnull,4349,4993,,
edf10,fixation_reports_edf10_2025_04_16_12_21.xls,6,Trial: 6,2203162,80,14,4334,4412,-204.3,1038.0,.,,,,,19,UNDEFINEDnull,UNDEFINEDnull,IMG_02,UNDEFINEDnull,exp_images/images/girl_opened_window.jpg,UNDEFINEDnull,free_view,UNDEFINEDnull,UNDEFINEDnull,UNDEFINEDnull,Unknown,other,edf10_6,-2198828,early,5170,UNDEFINEDnull,edf10|6|UNDEFINEDnull,4045,4993,,
edf10,fixation_reports_edf10_2025_04_16_12_21.xls,6,Trial: 6,2203162,52,15,4432,4482,-138.3,993.6,.,,,,,19,UNDEFINEDnull,UNDEFINEDnull,IMG_02,UNDEFINEDnull,exp_images/images/girl_opened_window.jpg,UNDEFINEDnull,free_view,UNDEFINEDnull,UNDEFINEDnull,UNDEFINEDnull,Unknown,other,edf10_6,-2198730,early,5170,UNDEFINEDnull,edf10|6|UNDEFINEDnull,4349,4993,,
edf10,fixation_reports_edf10_2025_04_16_12_21.xls,6,Trial: 6,2203162,52,15,4432,4482,-138.3,993.6,.,,,,,19,UNDEFINEDnull,UNDEFINEDnull,IMG_02,UNDEFINEDnull,exp_images/images/girl_opened_window.jpg,UNDEFINEDnull,free_view,UNDEFINEDnull,UNDEFINEDnull,UNDEFINEDnull,Unknown,other,edf10_6,-2198730,early,5170,UNDEFINEDnull,edf10|6|UNDEFINEDnull,4045,4993,,
edf10,fixation_reports_edf10_2025_04_16_12_21.xls,7,Trial: 7,2212632,22,3,1406,1426,-299.7,1371.6,.,,,,,23,UNDEFINEDnull,UNDEFINEDnull,IMG_18,UNDEFINEDnull,exp_images/images/boy_cut_vegetables.jpg,UNDEFINEDnull,free_view,UNDEFINEDnull,UNDEFINEDnull,UNDEFINEDnull,Unknown,other,edf10_7,-2211226,early,4992,UNDEFINEDnull,edf10|7|UNDEFINEDnull,4354,4992,,
edf10,fixation_reports_edf10_2025_04_16_12_21.xls,7,Trial: 7,2212632,22,3,1406,1426,-299.7,1371.6,.,,,,,23,UNDEFINEDnull,UNDEFINEDnull,IMG_18,UNDEFINEDnull,exp_images/images/boy_cut_vegetables.jpg,UNDEFINEDnull,free_view,UNDEFINEDnull,UNDEFINEDnull,UNDEFINEDnull,Unknown,other,edf10_7,-2211226,early,4992,UNDEFINEDnull,edf10|7|UNDEFINEDnull,3082,4902,,
edf10,fixation_reports_edf10_2025_04_16_12_21.xls,7,Trial: 7,2212632,50,4,1446,1494,-367.0,1402.8,.,,,,,23,UNDEFINEDnull,UNDEFINEDnull,IMG_18,UNDEFINEDnull,exp_images/images/boy_cut_vegetables.jpg,UNDEFINEDnull,free_view,UNDEFINEDnull,UNDEFINEDnull,UNDEFINEDnull,Unknown,other,edf10_7,-2211186,early,4992,UNDEFINEDnull,edf10|7|UNDEFINEDnull,4354,4992,,
edf10,fixation_reports_edf10_2025_04_16_12_21.xls,7,Trial: 7,2212632,50,4,1446,1494,-367.0,1402.8,.,,,,,23,UNDEFINEDnull,UNDEFINEDnull,IMG_18,UNDEFINEDnull,exp_images/images/boy_cut_vegetables.jpg,UNDEFINEDnull,free_view,UNDEFINEDnull,UNDEFINEDnull,UNDEFINEDnull,Unknown,other,edf10_7,-2211186,early,4992,UNDEFINEDnull,edf10|7|UNDEFINEDnull,3082,4902,,
edf10,fixation_reports_edf10_2025_04_16_12_21.xls,7,Trial: 7,2212632,82,8,2314,2394,-630.4,1481.3,.,,,,,23,UNDEFINEDnull,UNDEFINEDnull,IMG_18,UNDEFINEDnull,exp_images/images/boy_cut_vegetables.jpg,UNDEFINEDnull,free_view,UNDEFINEDnull,UNDEFINEDnull,UNDEFINEDnull,Unknown,other,edf10_7,-2210318,early,4992,UNDEFINEDnull,edf10|7|UNDEFINEDnull,4354,4992,,
edf10,fixation_reports_edf10_2025_04_16_12_21.xls,7,Trial: 7,2212632,82,8,2314,2394,-630.4,1481.3,.,,,,,23,UNDEFINEDnull,UNDEFINEDnull,IMG_18,UNDEFINEDnull,exp_images/images/boy_cut_vegetables.jpg,UNDEFINEDnull,free_view,UNDEFINEDnull,UNDEFINEDnull,UNDEFINEDnull,Unknown,other,edf10_7,-2210318,early,4992,UNDEFINEDnull,edf10|7|UNDEFINEDnull,3082,4902,,
edf10,fixation_reports_edf10_2025_04_16_12_21.xls,7,Trial: 7,2212632,126,9,2418,2542,-671.2,1495.0,.,,,,,23,UNDEFINEDnull,UNDEFINEDnull,IMG_18,UNDEFINEDnull,exp_images/images/boy_cut_vegetables.jpg,UNDEFINEDnull,free_view,UNDEFINEDnull,UNDEFINEDnull,UNDEFINEDnull,Unknown,other,edf10_7,-2210214,early,4992,UNDEFINEDnull,edf10|7|UNDEFINEDnull,4354,4992,,
edf10,fixation_reports_edf10_2025_04_16_12_21.xls,7,Trial: 7,2212632,126,9,2418,2542,-671.2,1495.0,.,,,,,23,UNDEFINEDnull,UNDEFINEDnull,IMG_18,UNDEFINEDnull,exp_images/images/boy_cut_vegetables.jpg,UNDEFINEDnull,free_view,UNDEFINEDnull,UNDEFINEDnull,UNDEFINEDnull,Unknown,other,edf10_7,-2210214,early,4992,UNDEFINEDnull,edf10|7|UNDEFINEDnull,3082,4902,,
edf10,fixation_reports_edf10_2025_04_16_12_21.xls,7,Trial: 7,2212632,40,12,3258,3296,-493.3,1422.6,.,,,,,23,UNDEFINEDnull,UNDEFINEDnull,IMG_18,UNDEFINEDnull,exp_images/images/boy_cut_vegetables.jpg,UNDEFINEDnull,free_view,UNDEFINEDnull,UNDEFINEDnull,UNDEFINEDnull,Unknown,other,edf10_7,-2209374,early,4992,UNDEFINEDnull,edf10|7|UNDEFINEDnull,4354,4992,,
edf10,fixation_reports_edf10_2025_04_16_12_21.xls,7,Trial: 7,2212632,40,12,3258,3296,-493.3,1422.6,.,,,,,23,UNDEFINEDnull,UNDEFINEDnull,IMG_18,UNDEFINEDnull,exp_images/images/boy_cut_vegetables.jpg,UNDEFINEDnull,free_view,UNDEFINEDnull,UNDEFINEDnull,UNDEFINEDnull,Unknown,other,edf10_7,-2209374,early,4992,UNDEFINEDnull,edf10|7|UNDEFINEDnull,3082,4902,,
edf10,fixation_reports_edf10_2025_04_16_12_21.xls,7,Trial: 7,2212632,28,13,3324,3350,-366.3,1374.3,.,,,,,23,UNDEFINEDnull,UNDEFINEDnull,IMG_18,UNDEFINEDnull,exp_images/images/boy_cut_vegetables.jpg,UNDEFINEDnull,free_view,UNDEFINEDnull,UNDEFINEDnull,UNDEFINEDnull,Unknown,other,edf10_7,-2209308,early,4992,UNDEFINEDnull,edf10|7|UNDEFINEDnull,4354,4992,,
edf10,fixation_reports_edf10_2025_04_16_12_21.xls,7,Trial: 7,2212632,28,13,3324,3350,-366.3,1374.3,.,,,,,23,UNDEFINEDnull,UNDEFINEDnull,IMG_18,UNDEFINEDnull,exp_images/images/boy_cut_vegetables.jpg,UNDEFINEDnull,free_view,UNDEFINEDnull,UNDEFINEDnull,UNDEFINEDnull,Unknown,other,edf10_7,-2209308,early,4992,UNDEFINEDnull,edf10|7|UNDEFINEDnull,3082,4902,,
edf10,fixation_reports_edf10_2025_04_16_12_21.xls,7,Trial: 7,2212632,36,14,3378,3412,-458.9,1403.0,.,,,,,23,UNDEFINEDnull,UNDEFINEDnull,IMG_18,UNDEFINEDnull,exp_images/images/boy_cut_vegetables.jpg,UNDEFINEDnull,free_view,UNDEFINEDnull,UNDEFINEDnull,UNDEFINEDnull,Unknown,other,edf10_7,-2209254,early,4992,UNDEFINEDnull,edf10|7|UNDEFINEDnull,4354,4992,,
edf10,fixation_reports_edf10_2025_04_16_12_21.xls,7,Trial: 7,2212632,36,14,3378,3412,-458.9,1403.0,.,,,,,23,UNDEFINEDnull,UNDEFINEDnull,IMG_18,UNDEFINEDnull,exp_images/images/boy_cut_vegetables.jpg,UNDEFINEDnull,free_view,UNDEFINEDnull,UNDEFINEDnull,UNDEFINEDnull,Unknown,other,edf10_7,-2209254,early,4992,UNDEFINEDnull,edf10|7|UNDEFINEDnull,3082,4902,,
edf10,fixation_reports_edf10_2025_04_16_12_21.xls,7,Trial: 7,2212632,186,15,3472,3656,-213.1,1305.1,.,,,,,23,UNDEFINEDnull,UNDEFINEDnull,IMG_18,UNDEFINEDnull,exp_images/images/boy_cut_vegetables.jpg,UNDEFINEDnull,free_view,UNDEFINEDnull,UNDEFINEDnull,UNDEFINEDnull,Unknown,other,edf10_7,-2209160,early,4992,UNDEFINEDnull,edf10|7|UNDEFINEDnull,4354,4992,,
edf10,fixation_reports_edf10_2025_04_16_12_21.xls,7,Trial: 7,2212632,186,15,3472,3656,-213.1,1305.1,.,,,,,23,UNDEFINEDnull,UNDEFINEDnull,IMG_18,UNDEFINEDnull,exp_images/images/boy_cut_vegetables.jpg,UNDEFINEDnull,free_view,UNDEFINEDnull,UNDEFINEDnull,UNDEFINEDnull,Unknown,other,edf10_7,-2209160,early,4992,UNDEFINEDnull,edf10|7|UNDEFINEDnull,3082,4902,,
edf10,fixation_reports_edf10_2025_04_16_12_21.xls,7,Trial: 7,2212632,106,19,4898,5002,-303.1,1326.8,.,,,,,23,UNDEFINEDnull,UNDEFINEDnull,IMG_18,UNDEFINEDnull,exp_images/images/boy_cut_vegetables.jpg,UNDEFINEDnull,free_view,UNDEFINEDnull,UNDEFINEDnull,UNDEFINEDnull,Unknown,other,edf10_7,-2207734,early,4992,UNDEFINEDnull,edf10|7|UNDEFINEDnull,4354,4992,,
edf10,fixation_reports_edf10_2025_04_16_12_21.xls,7,Trial: 7,2212632,106,19,4898,5002,-303.1,1326.8,.,,,,,23,UNDEFINEDnull,UNDEFINEDnull,IMG_18,UNDEFINEDnull,exp_images/images/boy_cut_vegetables.jpg,UNDEFINEDnull,free_view,UNDEFINEDnull,UNDEFINEDnull,UNDEFINEDnull,Unknown,other,edf10_7,-2207734,early,4992,UNDEFINEDnull,edf10|7|UNDEFINEDnull,3082,4902,,
edf10,fixation_reports_edf10_2025_04_16_12_21.xls,7,Trial: 7,2212632,54,22,5688,5740,-298.7,1354.9,.,,,,,23,UNDEFINEDnull,UNDEFINEDnull,IMG_18,UNDEFINEDnull,exp_images/images/boy_cut_vegetables.jpg,UNDEFINEDnull,free_view,UNDEFINEDnull,UNDEFINEDnull,UNDEFINEDnull,Unknown,other,edf10_7,-2206944,early,4992,UNDEFINEDnull,edf10|7|UNDEFINEDnull,4354,4992,,
edf10,fixation_reports_edf10_2025_04_16_12_21.xls,7,Trial: 7,2212632,54,22,5688,5740,-298.7,1354.9,.,,,,,23,UNDEFINEDnull,UNDEFINEDnull,IMG_18,UNDEFINEDnull,exp_images/images/boy_cut_vegetables.jpg,UNDEFINEDnull,free_view,UNDEFINEDnull,UNDEFINEDnull,UNDEFINEDnull,Unknown,other,edf10_7,-2206944,early,4992,UNDEFINEDnull,edf10|7|UNDEFINEDnull,3082,4902,,
edf10,fixation_reports_edf10_2025_04_16_12_21.xls,7,Trial: 7,2212632,172,23,5766,5936,-123.6,1285.7,.,,,,,23,UNDEFINEDnull,UNDEFINEDnull,IMG_18,UNDEFINEDnull,exp_images/images/boy_cut_vegetables.jpg,UNDEFINEDnull,free_view,UNDEFINEDnull,UNDEFINEDnull,UNDEFINEDnull,Unknown,other,edf10_7,-2206866,early,4992,UNDEFINEDnull,edf10|7|UNDEFINEDnull,4354,4992,,
edf10,fixation_reports_edf10_2025_04_16_12_21.xls,7,Trial: 7,2212632,172,23,5766,5936,-123.6,1285.7,.,,,,,23,UNDEFINEDnull,UNDEFINEDnull,IMG_18,UNDEFINEDnull,exp_images/images/boy_cut_vegetables.jpg,UNDEFINEDnull,free_view,UNDEFINEDnull,UNDEFINEDnull,UNDEFINEDnull,Unknown,other,edf10_7,-2206866,early,4992,UNDEFINEDnull,edf10|7|UNDEFINEDnull,3082,4902,,
edf10,fixation_reports_edf10_2025_04_16_12_21.xls,12,Trial: 12,2261500,58,14,5104,5160,-60.0,1234.4,.,,,,,17,UNDEFINEDnull,UNDEFINEDnull,IMG_13,UNDEFINEDnull,exp_images/images/dog_dug_hole.jpg,UNDEFINEDnull,free_view,UNDEFINEDnull,UNDEFINEDnull,UNDEFINEDnull,Unknown,other,edf10_12,-2256396,early,5013,UNDEFINEDnull,edf10|12|UNDEFINEDnull,3233,4993,,
edf10,fixation_reports_edf10_2025_04_16_12_21.xls,12,Trial: 12,2261500,58,14,5104,5160,-60.0,1234.4,.,,,,,17,UNDEFINEDnull,UNDEFINEDnull,IMG_13,UNDEFINEDnull,exp_images/images/dog_dug_hole.jpg,UNDEFINEDnull,free_view,UNDEFINEDnull,UNDEFINEDnull,UNDEFINEDnull,Unknown,other,edf10_12,-2256396,early,5013,UNDEFINEDnull,edf10|12|UNDEFINEDnull,4315,4993,,
edf10,fixation_reports_edf10_2025_04_16_12_21.xls,13,Trial: 13,2271292,158,2,1210,1366,-694.8,1270.3,.,,,,,16,UNDEFINEDnull,UNDEFINEDnull,IMG_04,UNDEFINEDnull,exp_images/images/man_cut_shrub.jpg,UNDEFINEDnull,free_view,UNDEFINEDnull,UNDEFINEDnull,UNDEFINEDnull,Unknown,other,edf10_13,-2270082,early,5021,UNDEFINEDnull,edf10|13|UNDEFINEDnull,3258,4992,,
edf10,fixation_reports_edf10_2025_04_16_12_21.xls,13,Trial: 13,2271292,158,2,1210,1366,-694.8,1270.3,.,,,,,16,UNDEFINEDnull,UNDEFINEDnull,IMG_04,UNDEFINEDnull,exp_images/images/man_cut_shrub.jpg,UNDEFINEDnull,free_view,UNDEFINEDnull,UNDEFINEDnull,UNDEFINEDnull,Unknown,other,edf10_13,-2270082,early,5021,UNDEFINEDnull,edf10|13|UNDEFINEDnull,4033,4993,,
edf10,fixation_reports_edf10_2025_04_16_12_21.xls,13,Trial: 13,2271292,24,8,2682,2704,-982.1,1406.1,.,,,,,16,UNDEFINEDnull,UNDEFINEDnull,IMG_04,UNDEFINEDnull,exp_images/images/man_cut_shrub.jpg,UNDEFINEDnull,free_view,UNDEFINEDnull,UNDEFINEDnull,UNDEFINEDnull,Unknown,other,edf10_13,-2268610,early,5021,UNDEFINEDnull,edf10|13|UNDEFINEDnull,3258,4992,,
edf10,fixation_reports_edf10_2025_04_16_12_21.xls,13,Trial: 13,2271292,24,8,2682,2704,-982.1,1406.1,.,,,,,16,UNDEFINEDnull,UNDEFINEDnull,IMG_04,UNDEFINEDnull,exp_images/images/man_cut_shrub.jpg,UNDEFINEDnull,free_view,UNDEFINEDnull,UNDEFINEDnull,UNDEFINEDnull,Unknown,other,edf10_13,-2268610,early,5021,UNDEFINEDnull,edf10|13|UNDEFINEDnull,4033,4993,,
edf10,fixation_reports_edf10_2025_04_16_12_21.xls,13,Trial: 13,2271292,104,9,2724,2826,-881.5,1363.5,.,,,,,16,UNDEFINEDnull,UNDEFINEDnull,IMG_04,UNDEFINEDnull,exp_images/images/man_cut_shrub.jpg,UNDEFINEDnull,free_view,UNDEFINEDnull,UNDEFINEDnull,UNDEFINEDnull,Unknown,other,edf10_13,-2268568,early,5021,UNDEFINEDnull,edf10|13|UNDEFINEDnull,3258,4992,,
edf10,fixation_reports_edf10_2025_04_16_12_21.xls,13,Trial: 13,2271292,104,9,2724,2826,-881.5,1363.5,.,,,,,16,UNDEFINEDnull,UNDEFINEDnull,IMG_04,UNDEFINEDnull,exp_images/images/man_cut_shrub.jpg,UNDEFINEDnull,free_view,UNDEFINEDnull,UNDEFINEDnull,UNDEFINEDnull,Unknown,other,edf10_13,-2268568,early,5021,UNDEFINEDnull,edf10|13|UNDEFINEDnull,4033,4993,,
edf10,fixation_reports_edf10_2025_04_16_12_21.xls,13,Trial: 13,2271292,176,11,3306,3480,-1147.9,1448.1,.,,,,,16,UNDEFINEDnull,UNDEFINEDnull,IMG_04,UNDEFINEDnull,exp_images/images/man_cut_shrub.jpg,UNDEFINEDnull,free_view,UNDEFINEDnull,UNDEFINEDnull,UNDEFINEDnull,Unknown,other,edf10_13,-2267986,early,5021,UNDEFINEDnull,edf10|13|UNDEFINEDnull,3258,4992,,
edf10,fixation_reports_edf10_2025_04_16_12_21.xls,13,Trial: 13,2271292,176,11,3306,3480,-1147.9,1448.1,.,,,,,16,UNDEFINEDnull,UNDEFINEDnull,IMG_04,UNDEFINEDnull,exp_images/images/man_cut_shrub.jpg,UNDEFINEDnull,free_view,UNDEFINEDnull,UNDEFINEDnull,UNDEFINEDnull,Unknown,other,edf10_13,-2267986,early,5021,UNDEFINEDnull,edf10|13|UNDEFINEDnull,4033,4993,,
edf10,fixation_reports_edf10_2025_04_16_12_21.xls,21,Trial: 21,2395280,144,6,6716,6858,-358.8,1261.8,.,,,,,17,exp_images/sentences/active_woman_clothes.jpg,ACT,IMG_06,STIM_60,exp_images/images/women_fold_clothes.jpg,stimuli_list_subj_10_a.csv,experiment,IMG_06_E_ACT,ENGLISH,exp_images/audio\ENGLISH\clothes.wav,Active,other,edf10_21,-2388564,early,5821,exp_images/sentences/active_woman_clothes.jpg,edf10|21|exp_images/sentences/active_woman_clothes.jpg,8439,5821,31.0,8.145483870967741
edf10,fixation_reports_edf10_2025_04_16_12_21.xls,21,Trial: 21,2395280,222,8,7302,7522,-381.8,1273.0,.,,,,,17,exp_images/sentences/active_woman_clothes.jpg,ACT,IMG_06,STIM_60,exp_images/images/women_fold_clothes.jpg,stimuli_list_subj_10_a.csv,experiment,IMG_06_E_ACT,ENGLISH,exp_images/audio\ENGLISH\clothes.wav,Active,other,edf10_21,-2387978,early,5821,exp_images/sentences/active_woman_clothes.jpg,edf10|21|exp_images/sentences/active_woman_clothes.jpg,8439,5821,31.0,8.145483870967741
edf10,fixation_reports_edf10_2025_04_16_12_21.xls,21,Trial: 21,2395280,148,13,9088,9234,-715.9,1451.7,.,,,,,17,exp_images/sentences/active_woman_clothes.jpg,ACT,IMG_06,STIM_60,exp_images/images/women_fold_clothes.jpg,stimuli_list_subj_10_a.csv,experiment,IMG_06_E_ACT,ENGLISH,exp_images/audio\ENGLISH\clothes.wav,Active,other,edf10_21,-2386192,early,5821,exp_images/sentences/active_woman_clothes.jpg,edf10|21|exp_images/sentences/active_woman_clothes.jpg,8439,5821,31.0,8.145483870967741
edf10,fixation_reports_edf10_2025_04_16_12_21.xls,21,Trial: 21,2395280,194,16,9902,10094,-190.2,1281.9,.,,,,,17,exp_images/sentences/active_woman_clothes.jpg,ACT,IMG_06,STIM_60,exp_images/images/women_fold_clothes.jpg,stimuli_list_subj_10_a.csv,experiment,IMG_06_E_ACT,ENGLISH,exp_images/audio\ENGLISH\clothes.wav,Active,other,edf10_21,-2385378,early,5821,exp_images/sentences/active_woman_clothes.jpg,edf10|21|exp_images/sentences/active_woman_clothes.jpg,8439,5821,31.0,8.145483870967741
edf10,fixation_reports_edf10_2025_04_16_12_21.xls,25,Trial: 25,2453162,68,13,9614,9680,-84.1,929.3,.,,,,,17,exp_images/sentences/noagent_man_box.jpg,PNA,IMG_05,STIM_95,exp_images/images/man_pushed_box.jpg,stimuli_list_subj_10_a.csv,experiment,IMG_05_E_PNA,ENGLISH,exp_images/audio\ENGLISH\p_woa_box.wav,Passive,other,edf10_25,-2443548,early,5647,exp_images/sentences/noagent_man_box.jpg,edf10|25|exp_images/sentences/noagent_man_box.jpg,8523,5647,33.0,4.658181818181818
edf10,fixation_reports_edf10_2025_04_16_12_21.xls,25,Trial: 25,2453162,36,14,9704,9738,-36.6,910.0,.,,,,,17,exp_images/sentences/noagent_man_box.jpg,PNA,IMG_05,STIM_95,exp_images/images/man_pushed_box.jpg,stimuli_list_subj_10_a.csv,experiment,IMG_05_E_PNA,ENGLISH,exp_images/audio\ENGLISH\p_woa_box.wav,Passive,other,edf10_25,-2443458,early,5647,exp_images/sentences/noagent_man_box.jpg,edf10|25|exp_images/sentences/noagent_man_box.jpg,8523,5647,33.0,4.658181818181818
edf10,fixation_reports_edf10_2025_04_16_12_21.xls,26,Trial: 26,2468172,28,2,5772,5798,-910.1,1331.3,.,,,,,13,exp_images/sentences/noagent_girl_sapling.jpg,PNA,IMG_03,STIM_93,exp_images/images/girl_plant_tree.jpg,stimuli_list_subj_10_a.csv,experiment,IMG_03_E_PNA,ENGLISH,exp_images/audio\ENGLISH\p_woa_sapling.wav,Passive,other,edf10_26,-2462400,early,5156,exp_images/sentences/noagent_girl_sapling.jpg,edf10|26|exp_images/sentences/noagent_girl_sapling.jpg,6000,5156,26.0,9.975384615384616
edf10,fixation_reports_edf10_2025_04_16_12_21.xls,26,Trial: 26,2468172,98,6,6976,7072,-542.7,1275.3,.,,,,,13,exp_images/sentences/noagent_girl_sapling.jpg,PNA,IMG_03,STIM_93,exp_images/images/girl_plant_tree.jpg,stimuli_list_subj_10_a.csv,experiment,IMG_03_E_PNA,ENGLISH,exp_images/audio\ENGLISH\p_woa_sapling.wav,Passive,other,edf10_26,-2461196,early,5156,exp_images/sentences/noagent_girl_sapling.jpg,edf10|26|exp_images/sentences/noagent_girl_sapling.jpg,6000,5156,26.0,9.975384615384616
edf10,fixation_reports_edf10_2025_04_16_12_21.xls,26,Trial: 26,2468172,246,7,7116,7360,-491.6,1298.2,.,,,,,13,exp_images/sentences/noagent_girl_sapling.jpg,PNA,IMG_03,STIM_93,exp_images/images/girl_plant_tree.jpg,stimuli_list_subj_10_a.csv,experiment,IMG_03_E_PNA,ENGLISH,exp_images/audio\ENGLISH\p_woa_sapling.wav,Passive,other,edf10_26,-2461056,early,5156,exp_images/sentences/noagent_girl_sapling.jpg,edf10|26|exp_images/sentences/noagent_girl_sapling.jpg,6000,5156,26.0,9.975384615384616
edf10,fixation_reports_edf10_2025_04_16_12_21.xls,26,Trial: 26,2468172,22,8,7378,7398,-453.2,1272.1,.,,,,,13,exp_images/sentences/noagent_girl_sapling.jpg,PNA,IMG_03,STIM_93,exp_images/images/girl_plant_tree.jpg,stimuli_list_subj_10_a.csv,experiment,IMG_03_E_PNA,ENGLISH,exp_images/audio\ENGLISH\p_woa_sapling.wav,Passive,other,edf10_26,-2460794,early,5156,exp_images/sentences/noagent_girl_sapling.jpg,edf10|26|exp_images/sentences/noagent_girl_sapling.jpg,6000,5156,26.0,9.975384615384616
edf10,fixation_reports_edf10_2025_04_16_12_21.xls,26,Trial: 26,2468172,58,11,9580,9636,-902.0,1440.8,.,,,,,13,exp_images/sentences/noagent_girl_sapling.jpg,PNA,IMG_03,STIM_93,exp_images/images/girl_plant_tree.jpg,stimuli_list_subj_10_a.csv,experiment,IMG_03_E_PNA,ENGLISH,exp_images/audio\ENGLISH\p_woa_sapling.wav,Passive,other,edf10_26,-2458592,early,5156,exp_images/sentences/noagent_girl_sapling.jpg,edf10|26|exp_images/sentences/noagent_girl_sapling.jpg,6000,5156,26.0,9.975384615384616
edf10,fixation_reports_edf10_2025_04_16_12_21.xls,28,Trial: 28,2497544,154,3,6708,6860,-65.9,1054.9,.,,,,,19,exp_images/sentences/Dog-dug.jpg,ACT,IMG_13,STIM_13,exp_images/images/dog_dug_hole.jpg,stimuli_list_subj_10_a.csv,experiment,IMG_13_P_ACT,PUNJABI,exp_images/audio\PUNJABI\dug.wav,Active,other,edf10_28,-2490836,early,5512,exp_images/sentences/Dog-dug.jpg,edf10|28|exp_images/sentences/Dog-dug.jpg,8186,5512,29.0,6.052758620689655
edf10,fixation_reports_edf10_2025_04_16_12_21.xls,28,Trial: 28,2497544,82,4,6880,6960,-46.6,1047.5,.,,,,,19,exp_images/sentences/Dog-dug.jpg,ACT,IMG_13,STIM_13,exp_images/images/dog_dug_hole.jpg,stimuli_list_subj_10_a.csv,experiment,IMG_13_P_ACT,PUNJABI,exp_images/audio\PUNJABI\dug.wav,Active,other,edf10_28,-2490664,early,5512,exp_images/sentences/Dog-dug.jpg,edf10|28|exp_images/sentences/Dog-dug.jpg,8186,5512,29.0,6.052758620689655
edf10,fixation_reports_edf10_2025_04_16_12_21.xls,28,Trial: 28,2497544,24,16,10550,10572,-154.7,945.1,.,,,,,19,exp_images/sentences/Dog-dug.jpg,ACT,IMG_13,STIM_13,exp_images/images/dog_dug_hole.jpg,stimuli_list_subj_10_a.csv,experiment,IMG_13_P_ACT,PUNJABI,exp_images/audio\PUNJABI\dug.wav,Active,other,edf10_28,-2486994,early,5512,exp_images/sentences/Dog-dug.jpg,edf10|28|exp_images/sentences/Dog-dug.jpg,8186,5512,29.0,6.052758620689655
edf10,fixation_reports_edf10_2025_04_16_12_21.xls,28,Trial: 28,2497544,30,17,10596,10624,-184.7,960.8,.,,,,,19,exp_images/sentences/Dog-dug.jpg,ACT,IMG_13,STIM_13,exp_images/images/dog_dug_hole.jpg,stimuli_list_subj_10_a.csv,experiment,IMG_13_P_ACT,PUNJABI,exp_images/audio\PUNJABI\dug.wav,Active,other,edf10_28,-2486948,early,5512,exp_images/sentences/Dog-dug.jpg,edf10|28|exp_images/sentences/Dog-dug.jpg,8186,5512,29.0,6.052758620689655
edf10,fixation_reports_edf10_2025_04_16_12_21.xls,28,Trial: 28,2497544,62,18,10680,10740,-256.1,993.8,.,,,,,19,exp_images/sentences/Dog-dug.jpg,ACT,IMG_13,STIM_13,exp_images/images/dog_dug_hole.jpg,stimuli_list_subj_10_a.csv,experiment,IMG_13_P_ACT,PUNJABI,exp_images/audio\PUNJABI\dug.wav,Active,other,edf10_28,-2486864,early,5512,exp_images/sentences/Dog-dug.jpg,edf10|28|exp_images/sentences/Dog-dug.jpg,8186,5512,29.0,6.052758620689655
edf10,fixation_reports_edf10_2025_04_16_12_21.xls,30,Trial: 30,2527266,76,8,8014,8088,-140.1,1036.7,.,,,,,24,exp_images/sentences/Tabla.jpg,ACT,IMG_11,STIM_11,exp_images/images/child_play_tabla.jpg,stimuli_list_subj_10_a.csv,experiment,IMG_11_P_ACT,PUNJABI,exp_images/audio\PUNJABI\tabla.wav,Active,other,edf10_30,-2519252,early,5069,exp_images/sentences/Tabla.jpg,edf10|30|exp_images/sentences/Tabla.jpg,8042,5069,43.0,4.426976744186047
edf10,fixation_reports_edf10_2025_04_16_12_21.xls,30,Trial: 30,2527266,46,9,8108,8152,-101.1,1004.9,.,,,,,24,exp_images/sentences/Tabla.jpg,ACT,IMG_11,STIM_11,exp_images/images/child_play_tabla.jpg,stimuli_list_subj_10_a.csv,experiment,IMG_11_P_ACT,PUNJABI,exp_images/audio\PUNJABI\tabla.wav,Active,other,edf10_30,-2519158,early,5069,exp_images/sentences/Tabla.jpg,edf10|30|exp_images/sentences/Tabla.jpg,8042,5069,43.0,4.426976744186047
edf10,fixation_reports_edf10_2025_04_16_12_21.xls,30,Trial: 30,2527266,44,10,8178,8220,-154.2,1034.3,.,,,,,24,exp_images/sentences/Tabla.jpg,ACT,IMG_11,STIM_11,exp_images/images/child_play_tabla.jpg,stimuli_list_subj_10_a.csv,experiment,IMG_11_P_ACT,PUNJABI,exp_images/audio\PUNJABI\tabla.wav,Active,other,edf10_30,-2519088,early,5069,exp_images/sentences/Tabla.jpg,edf10|30|exp_images/sentences/Tabla.jpg,8042,5069,43.0,4.426976744186047
edf10,fixation_reports_edf10_2025_04_16_12_21.xls,30,Trial: 30,2527266,48,11,8286,8332,-151.2,1041.2,.,,,,,24,exp_images/sentences/Tabla.jpg,ACT,IMG_11,STIM_11,exp_images/images/child_play_tabla.jpg,stimuli_list_subj_10_a.csv,experiment,IMG_11_P_ACT,PUNJABI,exp_images/audio\PUNJABI\tabla.wav,Active,other,edf10_30,-2518980,early,5069,exp_images/sentences/Tabla.jpg,edf10|30|exp_images/sentences/Tabla.jpg,8042,5069,43.0,4.426976744186047
edf10,fixation_reports_edf10_2025_04_16_12_21.xls,30,Trial: 30,2527266,40,12,8424,8462,-242.0,1080.0,.,,,,,24,exp_images/sentences/Tabla.jpg,ACT,IMG_11,STIM_11,exp_images/images/child_play_tabla.jpg,stimuli_list_subj_10_a.csv,experiment,IMG_11_P_ACT,PUNJABI,exp_images/audio\PUNJABI\tabla.wav,Active,other,edf10_30,-2518842,early,5069,exp_images/sentences/Tabla.jpg,edf10|30|exp_images/sentences/Tabla.jpg,8042,5069,43.0,4.426976744186047
edf10,fixation_reports_edf10_2025_04_16_12_21.xls,34,Trial: 34,2586002,40,8,7250,7288,-584.4,1483.1,.,,,,,19,exp_images/sentences/Fed-dog-woa.jpg,PNA,IMG_16,STIM_52,exp_images/images/girl_fed_dog.jpg,stimuli_list_subj_10_a.csv,experiment,IMG_16_P_PNA,PUNJABI,exp_images/audio\PUNJABI\p_woa_fed.wav,Passive,other,edf10_34,-2578752,early,5003,exp_images/sentences/Fed-dog-woa.jpg,edf10|34|exp_images/sentences/Fed-dog-woa.jpg,8063,5003,37.0,5.789189189189189
edf10,fixation_reports_edf10_2025_04_16_12_21.xls,34,Trial: 34,2586002,218,9,7314,7530,-611.8,1478.7,.,,,,,19,exp_images/sentences/Fed-dog-woa.jpg,PNA,IMG_16,STIM_52,exp_images/images/girl_fed_dog.jpg,stimuli_list_subj_10_a.csv,experiment,IMG_16_P_PNA,PUNJABI,exp_images/audio\PUNJABI\p_woa_fed.wav,Passive,other,edf10_34,-2578688,early,5003,exp_images/sentences/Fed-dog-woa.jpg,edf10|34|exp_images/sentences/Fed-dog-woa.jpg,8063,5003,37.0,5.789189189189189
edf10,fixation_reports_edf10_2025_04_16_12_21.xls,34,Trial: 34,2586002,66,10,7562,7626,-556.3,1449.9,.,,,,,19,exp_images/sentences/Fed-dog-woa.jpg,PNA,IMG_16,STIM_52,exp_images/images/girl_fed_dog.jpg,stimuli_list_subj_10_a.csv,experiment,IMG_16_P_PNA,PUNJABI,exp_images/audio\PUNJABI\p_woa_fed.wav,Passive,other,edf10_34,-2578440,early,5003,exp_images/sentences/Fed-dog-woa.jpg,edf10|34|exp_images/sentences/Fed-dog-woa.jpg,8063,5003,37.0,5.789189189189189
edf10,fixation_reports_edf10_2025_04_16_12_21.xls,34,Trial: 34,2586002,80,11,7708,7786,-539.3,1479.2,.,,,,,19,exp_images/sentences/Fed-dog-woa.jpg,PNA,IMG_16,STIM_52,exp_images/images/girl_fed_dog.jpg,stimuli_list_subj_10_a.csv,experiment,IMG_16_P_PNA,PUNJABI,exp_images/audio\PUNJABI\p_woa_fed.wav,Passive,other,edf10_34,-2578294,early,5003,exp_images/sentences/Fed-dog-woa.jpg,edf10|34|exp_images/sentences/Fed-dog-woa.jpg,8063,5003,37.0,5.789189189189189
edf10,fixation_reports_edf10_2025_04_16_12_21.xls,34,Trial: 34,2586002,100,12,7936,8034,-118.6,1145.7,.,,,,,19,exp_images/sentences/Fed-dog-woa.jpg,PNA,IMG_16,STIM_52,exp_images/images/girl_fed_dog.jpg,stimuli_list_subj_10_a.csv,experiment,IMG_16_P_PNA,PUNJABI,exp_images/audio\PUNJABI\p_woa_fed.wav,Passive,other,edf10_34,-2578066,early,5003,exp_images/sentences/Fed-dog-woa.jpg,edf10|34|exp_images/sentences/Fed-dog-woa.jpg,8063,5003,37.0,5.789189189189189
edf10,fixation_reports_edf10_2025_04_16_12_21.xls,35,Trial: 35,2600112,254,21,9032,9284,-230.2,1294.7,.,,,,,25,exp_images/sentences/Veg-woa.jpg,PNA,IMG_18,STIM_54,exp_images/images/boy_cut_vegetables.jpg,stimuli_list_subj_10_a.csv,experiment,IMG_18_P_PNA,PUNJABI,exp_images/audio\PUNJABI\p_woa_veg.wav,Passive,other,edf10_35,-2591080,early,5477,exp_images/sentences/Veg-woa.jpg,edf10|35|exp_images/sentences/Veg-woa.jpg,7741,5477,43.0,6.667441860465116
edf38,fixation_reports_edf38_2025_10_27_10_15.xls,6,Trial: 6,764836,306,10,3298,3602,-20.7,586.0,.,,,,,17,UNDEFINEDnull,UNDEFINEDnull,IMG_04,UNDEFINEDnull,exp_images/images/man_cut_shrub.jpg,UNDEFINEDnull,free_view,UNDEFINEDnull,UNDEFINEDnull,UNDEFINEDnull,Unknown,other,edf38_6,-761538,early,4992,UNDEFINEDnull,edf38|6|UNDEFINEDnull,4364,4992,,
edf38,fixation_reports_edf38_2025_10_27_10_15.xls,6,Trial: 6,764836,228,11,3682,3908,-1386.2,669.9,.,,,,,17,UNDEFINEDnull,UNDEFINEDnull,IMG_04,UNDEFINEDnull,exp_images/images/man_cut_shrub.jpg,UNDEFINEDnull,free_view,UNDEFINEDnull,UNDEFINEDnull,UNDEFINEDnull,Unknown,other,edf38_6,-761154,early,4992,UNDEFINEDnull,edf38|6|UNDEFINEDnull,4364,4992,,
edf23,fixation_reports_edf23_2025_05_10_10_15.xls,12,Trial: 12,737395,28,14,4870,4896,792.0,-175.7,.,,,,,16,UNDEFINEDnull,UNDEFINEDnull,IMG_04,UNDEFINEDnull,exp_images/images/man_cut_shrub.jpg,UNDEFINEDnull,free_view,UNDEFINEDnull,UNDEFINEDnull,UNDEFINEDnull,Unknown,other,edf23_12,-732525,early,4993,UNDEFINEDnull,edf23|12|UNDEFINEDnull,4191,4993,,
edf23,fixation_reports_edf23_2025_05_10_10_15.xls,22,Trial: 22,861437,76,12,9764,9838,744.7,-16.0,.,,,,,14,exp_images/sentences/noagent_girl_dog.jpg,PNA,IMG_16,STIM_106,exp_images/images/girl_fed_dog.jpg,stimuli_list_subj_11_b.csv,experiment,IMG_16_E_PNA,ENGLISH,exp_images/audio\ENGLISH\p_woa_fed.wav,Passive,other,edf23_22,-851673,early,4967,exp_images/sentences/noagent_girl_dog.jpg,edf23|22|exp_images/sentences/noagent_girl_dog.jpg,2671,4967,14.0,6.730714285714285
edf23,fixation_reports_edf23_2025_05_10_10_15.xls,29,Trial: 29,962621,112,10,8226,8336,-412.0,892.7,.,,,,,20,exp_images/sentences/Shrub-passive.jpg,PWA,IMG_04,STIM_22,exp_images/images/man_cut_shrub.jpg,stimuli_list_subj_11_b.csv,experiment,IMG_04_P_PWA,PUNJABI,exp_images/audio\PUNJABI\p_shrub.wav,Passive,other,edf23_29,-954395,early,4993,exp_images/sentences/Shrub-passive.jpg,edf23|29|exp_images/sentences/Shrub-passive.jpg,3963,4993,19.0,6.577894736842105
edf23,fixation_reports_edf23_2025_05_10_10_15.xls,29,Trial: 29,962621,120,11,8380,8498,-804.7,985.1,.,,,,,20,exp_images/sentences/Shrub-passive.jpg,PWA,IMG_04,STIM_22,exp_images/images/man_cut_shrub.jpg,stimuli_list_subj_11_b.csv,experiment,IMG_04_P_PWA,PUNJABI,exp_images/audio\PUNJABI\p_shrub.wav,Passive,other,edf23_29,-954241,early,4993,exp_images/sentences/Shrub-passive.jpg,edf23|29|exp_images/sentences/Shrub-passive.jpg,3963,4993,19.0,6.577894736842105
edf23,fixation_reports_edf23_2025_05_10_10_15.xls,29,Trial: 29,962621,30,12,8580,8608,-314.8,1300.5,.,,,,,20,exp_images/sentences/Shrub-passive.jpg,PWA,IMG_04,STIM_22,exp_images/images/man_cut_shrub.jpg,stimuli_list_subj_11_b.csv,experiment,IMG_04_P_PWA,PUNJABI,exp_images/audio\PUNJABI\p_shrub.wav,Passive,other,edf23_29,-954041,early,4993,exp_images/sentences/Shrub-passive.jpg,edf23|29|exp_images/sentences/Shrub-passive.jpg,3963,4993,19.0,6.577894736842105
edf23,fixation_reports_edf23_2025_05_10_10_15.xls,29,Trial: 29,962621,104,13,8666,8768,-325.2,1323.3,.,,,,,20,exp_images/sentences/Shrub-passive.jpg,PWA,IMG_04,STIM_22,exp_images/images/man_cut_shrub.jpg,stimuli_list_subj_11_b.csv,experiment,IMG_04_P_PWA,PUNJABI,exp_images/audio\PUNJABI\p_shrub.wav,Passive,other,edf23_29,-953955,early,4993,exp_images/sentences/Shrub-passive.jpg,edf23|29|exp_images/sentences/Shrub-passive.jpg,3963,4993,19.0,6.577894736842105
edf23,fixation_reports_edf23_2025_05_10_10_15.xls,29,Trial: 29,962621,130,16,9118,9246,-397.0,1296.4,.,,,,,20,exp_images/sentences/Shrub-passive.jpg,PWA,IMG_04,STIM_22,exp_images/images/man_cut_shrub.jpg,stimuli_list_subj_11_b.csv,experiment,IMG_04_P_PWA,PUNJABI,exp_images/audio\PUNJABI\p_shrub.wav,Passive,other,edf23_29,-953503,early,4993,exp_images/sentences/Shrub-passive.jpg,edf23|29|exp_images/sentences/Shrub-passive.jpg,3963,4993,19.0,6.577894736842105
edf23,fixation_reports_edf23_2025_05_10_10_15.xls,29,Trial: 29,962621,196,17,9278,9472,-542.6,1367.6,.,,,,,20,exp_images/sentences/Shrub-passive.jpg,PWA,IMG_04,STIM_22,exp_images/images/man_cut_shrub.jpg,stimuli_list_subj_11_b.csv,experiment,IMG_04_P_PWA,PUNJABI,exp_images/audio\PUNJABI\p_shrub.wav,Passive,other,edf23_29,-953343,early,4993,exp_images/sentences/Shrub-passive.jpg,edf23|29|exp_images/sentences/Shrub-passive.jpg,3963,4993,19.0,6.577894736842105
edf23,fixation_reports_edf23_2025_05_10_10_15.xls,35,Trial: 35,1049945,38,4,7276,7312,2567.4,-27.1,.,,,,,15,exp_images/sentences/active_women_letter.jpg,ACT,IMG_17,STIM_71,exp_images/images/women_read_letter.jpg,stimuli_list_subj_11_b.csv,experiment,IMG_17_E_ACT,ENGLISH,exp_images/audio\ENGLISH\letter.wav,Active,other,edf23_35,-1042669,early,4935,exp_images/sentences/active_women_letter.jpg,edf23|35|exp_images/sentences/active_women_letter.jpg,3365,4935,15.0,12.309333333333333
edf23,fixation_reports_edf23_2025_05_10_10_15.xls,35,Trial: 35,1049945,32,5,7340,7370,2570.4,-46.2,.,,,,,15,exp_images/sentences/active_women_letter.jpg,ACT,IMG_17,STIM_71,exp_images/images/women_read_letter.jpg,stimuli_list_subj_11_b.csv,experiment,IMG_17_E_ACT,ENGLISH,exp_images/audio\ENGLISH\letter.wav,Active,other,edf23_35,-1042605,early,4935,exp_images/sentences/active_women_letter.jpg,edf23|35|exp_images/sentences/active_women_letter.jpg,3365,4935,15.0,12.309333333333333
edf23,fixation_reports_edf23_2025_05_10_10_15.xls,35,Trial: 35,1049945,78,6,7392,7468,2553.9,-79.5,.,,,,,15,exp_images/sentences/active_women_letter.jpg,ACT,IMG_17,STIM_71,exp_images/images/women_read_letter.jpg,stimuli_list_subj_11_b.csv,experiment,IMG_17_E_ACT,ENGLISH,exp_images/audio\ENGLISH\letter.wav,Active,other,edf23_35,-1042553,early,4935,exp_images/sentences/active_women_letter.jpg,edf23|35|exp_images/sentences/active_women_letter.jpg,3365,4935,15.0,12.309333333333333
edf23,fixation_reports_edf23_2025_05_10_10_15.xls,35,Trial: 35,1049945,204,7,7496,7698,2525.1,-187.0,.,,,,,15,exp_images/sentences/active_women_letter.jpg,ACT,IMG_17,STIM_71,exp_images/images/women_read_letter.jpg,stimuli_list_subj_11_b.csv,experiment,IMG_17_E_ACT,ENGLISH,exp_images/audio\ENGLISH\letter.wav,Active,other,edf23_35,-1042449,early,4935,exp_images/sentences/active_women_letter.jpg,edf23|35|exp_images/sentences/active_women_letter.jpg,3365,4935,15.0,12.309333333333333
edf23,fixation_reports_edf23_2025_05_10_10_15.xls,35,Trial: 35,1049945,176,9,7968,8142,2558.0,-35.0,.,,,,,15,exp_images/sentences/active_women_letter.jpg,ACT,IMG_17,STIM_71,exp_images/images/women_read_letter.jpg,stimuli_list_subj_11_b.csv,experiment,IMG_17_E_ACT,ENGLISH,exp_images/audio\ENGLISH\letter.wav,Active,other,edf23_35,-1041977,early,4935,exp_images/sentences/active_women_letter.jpg,edf23|35|exp_images/sentences/active_women_letter.jpg,3365,4935,15.0,12.309333333333333
edf12,fixation_reports_edf12_2025_04_16_16_11.xls,36,Trial: 36,1033893,228,10,9376,9602,-560.8,733.1,.,,,,,13,exp_images/sentences/passive_boy_vase.jpg,PWA,IMG_08,STIM_80,exp_images/images/boy_broke_vase.jpg,stimuli_list_subj_12_a.csv,experiment,IMG_08_E_PWA,ENGLISH,exp_images/audio\ENGLISH\p_vase.wav,Passive,other,edf12_36,-1024517,early,4992,exp_images/sentences/passive_boy_vase.jpg,edf12|36|exp_images/sentences/passive_boy_vase.jpg,4128,4992,12.0,8.998333333333333
edf12,fixation_reports_edf12_2025_04_16_16_11.xls,36,Trial: 36,1033893,216,12,10112,10326,-633.4,654.1,.,,,,,13,exp_images/sentences/passive_boy_vase.jpg,PWA,IMG_08,STIM_80,exp_images/images/boy_broke_vase.jpg,stimuli_list_subj_12_a.csv,experiment,IMG_08_E_PWA,ENGLISH,exp_images/audio\ENGLISH\p_vase.wav,Passive,other,edf12_36,-1023781,early,4992,exp_images/sentences/passive_boy_vase.jpg,edf12|36|exp_images/sentences/passive_boy_vase.jpg,4128,4992,12.0,8.998333333333333
edf10,fixation_reports_edf10_2025_04_16_12_34.xls,31,Trial: 31,3264550,104,12,10262,10364,1141.5,-60.0,.,,,,,14,exp_images/sentences/Painting-passive.jpg,PWA,IMG_07,STIM_25,exp_images/images/artiste_drew_picture.jpg,stimuli_list_subj_10_a.csv,experiment,IMG_07_P_PWA,PUNJABI,exp_images/audio\PUNJABI\p_picture.wav,Passive,other,edf10_31,-3254288,early,5163,exp_images/sentences/Painting-passive.jpg,edf10|31|exp_images/sentences/Painting-passive.jpg,8440,5163,31.0,4.180645161290323
edf10,fixation_reports_edf10_2025_04_16_12_34.xls,35,Trial: 35,3322062,29,1,5825,5852,1252.4,-100.6,.,,,,,20,exp_images/sentences/Veg-woa.jpg,PNA,IMG_18,STIM_54,exp_images/images/boy_cut_vegetables.jpg,stimuli_list_subj_10_a.csv,experiment,IMG_18_P_PNA,PUNJABI,exp_images/audio\PUNJABI\p_woa_veg.wav,Passive,other,edf10_35,-3316237,early,5477,exp_images/sentences/Veg-woa.jpg,edf10|35|exp_images/sentences/Veg-woa.jpg,7741,5477,43.0,6.667441860465116
edf10,fixation_reports_edf10_2025_04_16_12_34.xls,35,Trial: 35,3322062,174,2,5908,6080,762.4,-13.2,.,,,,,20,exp_images/sentences/Veg-woa.jpg,PNA,IMG_18,STIM_54,exp_images/images/boy_cut_vegetables.jpg,stimuli_list_subj_10_a.csv,experiment,IMG_18_P_PNA,PUNJABI,exp_images/audio\PUNJABI\p_woa_veg.wav,Passive,other,edf10_35,-3316154,early,5477,exp_images/sentences/Veg-woa.jpg,edf10|35|exp_images/sentences/Veg-woa.jpg,7741,5477,43.0,6.667441860465116
edf48,fixation_reports_edf48_2025_11_08_13_05.xls,12,Trial: 12,5339381,22,9,3408,3428,1184.8,-788.8,.,,,,,16,UNDEFINEDnull,UNDEFINEDnull,IMG_03,UNDEFINEDnull,exp_images/images/girl_plant_tree.jpg,UNDEFINEDnull,free_view,UNDEFINEDnull,UNDEFINEDnull,UNDEFINEDnull,Unknown,other,edf48_12,-5335973,early,4959,UNDEFINEDnull,edf48|12|UNDEFINEDnull,3961,4959,,
